,embedding,instrument,train_set,test_set,precision,recall,f1-score,support,accuracy,roc_auc,ap
0,vggish,cello,irmas,irmas,0.2967032967032967,0.8617021276595744,0.44141689373297,94.0,0.8769507803121248,0.9244288343890422,0.6131411554680469
1,vggish,clarinet,irmas,irmas,0.3024691358024691,0.7716535433070866,0.4345898004434589,127.0,0.8469387755102041,0.8799302134016874,0.5344088867810352
2,vggish,flute,irmas,irmas,0.3097643097643097,0.7603305785123967,0.4401913875598086,121.0,0.8595438175270108,0.8919789242825429,0.6126649987664763
3,vggish,guitar,irmas,irmas,0.662004662004662,0.8208092485549133,0.7329032258064516,346.0,0.8757503001200481,0.934090909090909,0.8252670310025638
4,vggish,organ,irmas,irmas,0.5064935064935064,0.896551724137931,0.6473029045643153,174.0,0.8979591836734694,0.956881143878463,0.7063179599774696
5,vggish,piano,irmas,irmas,0.6559633027522935,0.8411764705882353,0.7371134020618557,170.0,0.9387755102040816,0.951899182132746,0.8348971110415973
6,vggish,saxophone,irmas,irmas,0.2805755395683453,0.78,0.4126984126984127,150.0,0.8001200480192077,0.8690633245382586,0.5462736813018031
7,vggish,trumpet,irmas,irmas,0.3580645161290323,0.74,0.4826086956521739,150.0,0.8571428571428571,0.9020052770448548,0.6465043725910061
8,vggish,violin,irmas,irmas,0.2805555555555555,0.7062937062937062,0.4015904572564612,143.0,0.819327731092437,0.8409194220093761,0.4739249928994969
9,vggish,voice,irmas,irmas,0.7763157894736842,0.9267015706806284,0.8448687350835321,191.0,0.960984393757503,0.9863093442186528,0.9252207348378568
10,vggish,cello,openmic,openmic,0.7370517928286853,0.8185840707964602,0.7756813417190777,226.0,0.7793814432989691,0.8660265828407422,0.8197534699735403
11,vggish,clarinet,openmic,openmic,0.358974358974359,0.7153284671532847,0.4780487804878048,137.0,0.665625,0.7472682155243721,0.4361169279858186
12,vggish,flute,openmic,openmic,0.4980694980694981,0.7371428571428571,0.5944700460829493,175.0,0.6868327402135231,0.795437430786268,0.6606671966914014
13,vggish,guitar,openmic,openmic,0.951048951048951,0.951048951048951,0.951048951048951,286.0,0.9357798165137616,0.9800932400932402,0.9897940890925307
14,vggish,organ,openmic,openmic,0.5354330708661418,0.5619834710743802,0.5483870967741936,121.0,0.740139211136891,0.790535857104772,0.5648433522447002
15,vggish,piano,openmic,openmic,0.9324324324324323,0.968421052631579,0.9500860585197936,285.0,0.9301204819277108,0.9608367071524966,0.9784202454717572
16,vggish,saxophone,openmic,openmic,0.7950310559006211,0.839344262295082,0.8165869218500796,305.0,0.8171701112877583,0.8956587735276259,0.8854122222019805
17,vggish,trumpet,openmic,openmic,0.7155172413793104,0.7830188679245284,0.7477477477477479,318.0,0.7859872611464969,0.8582683527938266,0.7861249438127984
18,vggish,violin,openmic,openmic,0.8828337874659401,0.8223350253807107,0.8515111695137976,394.0,0.820919175911252,0.9126775043372102,0.9359845944654556
19,vggish,voice,openmic,openmic,0.9333333333333332,0.875,0.9032258064516128,224.0,0.8877005347593583,0.96,0.9712383181739944
20,vggish,cello,irmas,openmic,0.6387665198237885,0.6415929203539823,0.640176600441501,226.0,0.6639175257731958,0.7101855331943828,0.6161916128493659
21,vggish,clarinet,irmas,openmic,0.3085106382978723,0.4233576642335766,0.3569230769230769,137.0,0.6734375,0.6599526926035031,0.334042580893254
22,vggish,flute,irmas,openmic,0.4432234432234432,0.6914285714285714,0.5401785714285713,175.0,0.6334519572953736,0.7180657069029162,0.5695820552737675
23,vggish,guitar,irmas,openmic,0.9522058823529412,0.9055944055944056,0.92831541218638,286.0,0.908256880733945,0.9643589743589744,0.9789625955860252
24,vggish,organ,irmas,openmic,0.3676470588235294,0.6198347107438017,0.4615384615384615,121.0,0.5939675174013921,0.6558784324180219,0.3782879373215819
25,vggish,piano,irmas,openmic,0.9430604982206404,0.9298245614035088,0.9363957597173144,285.0,0.9132530120481928,0.9661808367071524,0.9846969885579696
26,vggish,saxophone,irmas,openmic,0.7256944444444444,0.6852459016393443,0.7048903878583473,305.0,0.7217806041335453,0.790963367739324,0.7462990729076688
27,vggish,trumpet,irmas,openmic,0.6140350877192983,0.550314465408805,0.5804311774461027,318.0,0.6777070063694267,0.7356133758905363,0.634349705263118
28,vggish,violin,irmas,openmic,0.8085106382978723,0.7715736040609137,0.7896103896103895,394.0,0.7432646592709984,0.7999850071751375,0.8558295954974579
29,vggish,voice,irmas,openmic,0.9476439790575916,0.8080357142857143,0.872289156626506,224.0,0.8582887700534759,0.956607142857143,0.965128432068789
30,vggish,cello,openmic,irmas,0.1294326241134751,0.776595744680851,0.2218844984802431,94.0,0.6926770708283313,0.8200151588977316,0.3603310870803101
31,vggish,clarinet,openmic,irmas,0.1702479338842975,0.8110236220472441,0.2814207650273224,127.0,0.6842737094837935,0.8392708221413844,0.4076724442673524
32,vggish,flute,openmic,irmas,0.1150537634408602,0.8842975206611571,0.203615604186489,121.0,0.4975990396158463,0.776645537457541,0.3283055597015163
33,vggish,guitar,openmic,irmas,0.3567708333333333,0.791907514450867,0.4919210053859963,346.0,0.6602641056422569,0.7901055351199859,0.57124394199999
34,vggish,organ,openmic,irmas,0.2101910828025477,0.1896551724137931,0.1993957703927492,174.0,0.84093637454982,0.6797171119534067,0.1870446286869164
35,vggish,piano,openmic,irmas,0.2314049586776859,0.8235294117647058,0.3612903225806452,170.0,0.7028811524609844,0.8360254797106008,0.4498274067180712
36,vggish,saxophone,openmic,irmas,0.1899529042386185,0.8066666666666666,0.3074968233799238,150.0,0.6728691476590636,0.8138478452066843,0.3711529182184623
37,vggish,trumpet,openmic,irmas,0.20578231292517,0.8066666666666666,0.3279132791327913,150.0,0.7022809123649459,0.8453737906772207,0.4857229058945269
38,vggish,violin,openmic,irmas,0.1754684838160136,0.7202797202797203,0.2821917808219178,143.0,0.6854741896758704,0.7788134386952509,0.3286075487090176
39,vggish,voice,openmic,irmas,0.3879668049792531,0.9790575916230366,0.5557206537890045,191.0,0.8205282112845138,0.980729434732452,0.8815867686600045
40,openl3,cello,irmas,irmas,0.54,0.8617021276595744,0.6639344262295082,94.0,0.95078031212485,0.9674219046072222,0.778929474013791
41,openl3,clarinet,irmas,irmas,0.4806629834254143,0.6850393700787402,0.564935064935065,127.0,0.9195678271308524,0.9047801773316348,0.6716058229726707
42,openl3,flute,irmas,irmas,0.4063926940639269,0.7355371900826446,0.5235294117647058,121.0,0.9027611044417768,0.9145470592955148,0.6000409441854421
43,openl3,guitar,irmas,irmas,0.7639593908629442,0.869942196531792,0.8135135135135134,346.0,0.9171668667466988,0.9650398493606586,0.885386440629291
44,openl3,organ,irmas,irmas,0.8095238095238095,0.8793103448275862,0.8429752066115702,174.0,0.9657863145258104,0.9867608086037408,0.8903798063834489
45,openl3,piano,irmas,irmas,0.8457142857142858,0.8705882352941177,0.8579710144927537,170.0,0.9705882352941176,0.9809924504561184,0.929192753705597
46,openl3,saxophone,irmas,irmas,0.3432343234323432,0.6933333333333334,0.4591611479028697,150.0,0.8529411764705882,0.8621899736147757,0.5140062010237485
47,openl3,trumpet,irmas,irmas,0.5841121495327103,0.8333333333333334,0.6868131868131868,150.0,0.9315726290516206,0.9502374670184698,0.7852302364769512
48,openl3,violin,irmas,irmas,0.4411764705882353,0.6293706293706294,0.5187319884726225,143.0,0.8997599039615847,0.8788184894553902,0.5334454336685256
49,openl3,voice,irmas,irmas,0.8516746411483254,0.9319371727748692,0.89,191.0,0.9735894357743096,0.99369598012246,0.9590982359741936
50,openl3,cello,openmic,openmic,0.775,0.8230088495575221,0.7982832618025751,226.0,0.8061855670103093,0.8937711415587523,0.863217627717783
51,openl3,clarinet,openmic,openmic,0.334448160535117,0.7299270072992701,0.4587155963302752,137.0,0.63125,0.7506929227554382,0.4190360869313412
52,openl3,flute,openmic,openmic,0.4668989547038327,0.7657142857142857,0.58008658008658,175.0,0.6548042704626335,0.7710446659283869,0.6083964879445379
53,openl3,guitar,openmic,openmic,0.9820143884892086,0.9545454545454546,0.9680851063829786,286.0,0.9587155963302753,0.9891142191142192,0.9942652774657728
54,openl3,organ,openmic,openmic,0.5629139072847682,0.7024793388429752,0.6249999999999999,121.0,0.7633410672853829,0.8209544121567582,0.5927354736117567
55,openl3,piano,openmic,openmic,0.9518900343642612,0.9719298245614036,0.9618055555555556,285.0,0.946987951807229,0.9794062078272604,0.9889907334066428
56,openl3,saxophone,openmic,openmic,0.7734138972809668,0.839344262295082,0.8050314465408805,305.0,0.8028616852146264,0.8957397287998381,0.8931162259081892
57,openl3,trumpet,openmic,openmic,0.7103064066852368,0.8018867924528302,0.7533234859675038,318.0,0.7872611464968153,0.8667057223277174,0.8253091147282152
58,openl3,violin,openmic,openmic,0.8813131313131313,0.8857868020304569,0.8835443037974683,394.0,0.8541996830427893,0.924468290175416,0.9434197321853954
59,openl3,voice,openmic,openmic,0.9237668161434978,0.9196428571428572,0.9217002237136463,224.0,0.9064171122994652,0.9682440476190476,0.9789969864456808
60,openl3,cello,irmas,openmic,0.6222222222222222,0.3716814159292035,0.4653739612188366,226.0,0.6020618556701031,0.6692008063689481,0.6032112284867989
61,openl3,clarinet,irmas,openmic,0.2727272727272727,0.0437956204379562,0.0754716981132075,137.0,0.7703125,0.6542787073181349,0.2831596918880938
62,openl3,flute,irmas,openmic,0.631578947368421,0.2057142857142857,0.3103448275862068,175.0,0.7153024911032029,0.7281210778885198,0.5201220459042508
63,openl3,guitar,irmas,openmic,0.9759036144578314,0.8496503496503497,0.908411214953271,286.0,0.8876146788990825,0.9644055944055944,0.9827054938394864
64,openl3,organ,irmas,openmic,0.3925233644859813,0.6942148760330579,0.5014925373134328,121.0,0.6125290023201856,0.7010130631831512,0.4879123053079716
65,openl3,piano,irmas,openmic,0.9911111111111112,0.7824561403508772,0.8745098039215686,285.0,0.8457831325301205,0.9629419703103914,0.9804984117686972
66,openl3,saxophone,irmas,openmic,0.6804123711340206,0.6491803278688525,0.6644295302013422,305.0,0.6820349761526232,0.7473891924711596,0.6981974488644549
67,openl3,trumpet,irmas,openmic,0.7222222222222222,0.0817610062893081,0.1468926553672316,318.0,0.6152866242038216,0.6908744427834566,0.5951399430864545
68,openl3,violin,irmas,openmic,0.7818696883852692,0.700507614213198,0.7389558232931727,394.0,0.6909667194928685,0.7691104971192357,0.8202058010680009
69,openl3,voice,irmas,openmic,0.9745222929936306,0.6830357142857143,0.8031496062992125,224.0,0.7994652406417112,0.959672619047619,0.9720333182285964
70,openl3,cello,openmic,irmas,0.1446208112874779,0.8723404255319149,0.2481089258698941,94.0,0.7016806722689075,0.8445536246007255,0.3328737521650819
71,openl3,clarinet,openmic,irmas,0.1169811320754717,0.9763779527559056,0.2089300758213985,127.0,0.4363745498199279,0.854814200856472,0.2810095012839684
72,openl3,flute,openmic,irmas,0.1386554621848739,0.8181818181818182,0.237125748502994,121.0,0.6176470588235294,0.7864505603252294,0.2506187548047674
73,openl3,guitar,openmic,irmas,0.3681257014590348,0.9479768786127168,0.530315278900566,346.0,0.6512605042016807,0.8828187948852689,0.6993292107369372
74,openl3,organ,openmic,irmas,0.0160427807486631,0.0172413793103448,0.0166204986149584,174.0,0.7869147659063626,0.2772526270376876,0.0670328806803403
75,openl3,piano,openmic,irmas,0.2170767004341534,0.8823529411764706,0.3484320557491289,170.0,0.6632653061224489,0.90334617804341,0.7365122059547247
76,openl3,saxophone,openmic,irmas,0.1496519721577726,0.86,0.2549407114624506,150.0,0.5474189675870348,0.7788126649076517,0.2818416824371142
77,openl3,trumpet,openmic,irmas,0.1353383458646616,0.96,0.2372322899505765,150.0,0.4441776710684273,0.889797713280563,0.5664929401044781
78,openl3,violin,openmic,irmas,0.2239467849223946,0.7062937062937062,0.3400673400673401,143.0,0.7647058823529411,0.824940653568362,0.3644597760122152
79,openl3,voice,openmic,irmas,0.3850931677018633,0.9738219895287958,0.5519287833827893,191.0,0.8187274909963985,0.9795793770520898,0.919123553894688
0,vggish-lda,cello,irmas,irmas,0.2962962962962963,0.851063829787234,0.4395604395604395,94.0,0.8775510204081632,0.924516810134806,0.621886655853309
1,vggish-lda,clarinet,irmas,irmas,0.3024691358024691,0.7716535433070866,0.4345898004434589,127.0,0.8469387755102041,0.8798381196502484,0.5341431449896838
2,vggish-lda,flute,irmas,irmas,0.3108108108108108,0.7603305785123967,0.4412470023980815,121.0,0.8601440576230492,0.8916900692717109,0.6101921697098543
3,vggish-lda,guitar,irmas,irmas,0.662004662004662,0.8208092485549133,0.7329032258064516,346.0,0.8757503001200481,0.9341018567174636,0.8252916721909794
4,vggish-lda,organ,irmas,irmas,0.5048543689320388,0.896551724137931,0.6459627329192547,174.0,0.897358943577431,0.9569735909525128,0.7057383396869876
5,vggish-lda,piano,irmas,irmas,0.6605504587155964,0.8470588235294118,0.7422680412371134,170.0,0.9399759903961584,0.9519267065114816,0.8350473347397354
6,vggish-lda,saxophone,irmas,irmas,0.2819277108433735,0.78,0.4141592920353982,150.0,0.8013205282112845,0.8688214599824098,0.5475282051578534
7,vggish-lda,trumpet,irmas,irmas,0.3573770491803278,0.7266666666666667,0.4791208791208791,150.0,0.8577430972388955,0.9010773966578716,0.6454480512300712
8,vggish-lda,violin,irmas,irmas,0.276536312849162,0.6923076923076923,0.3952095808383233,143.0,0.8181272509003601,0.8414979636253437,0.4773064151635475
9,vggish-lda,voice,irmas,irmas,0.775330396475771,0.9214659685863874,0.8421052631578948,191.0,0.9603841536614646,0.9861780104712042,0.9250392171583584
10,vggish-lda,cello,openmic,openmic,0.7380952380952381,0.8230088495575221,0.7782426778242678,226.0,0.7814432989690722,0.8661803396316671,0.8200821993087517
11,vggish-lda,clarinet,openmic,openmic,0.3619402985074627,0.708029197080292,0.4790123456790122,137.0,0.6703125,0.7479647661476396,0.4379303675439441
12,vggish-lda,flute,openmic,openmic,0.4980842911877394,0.7428571428571429,0.5963302752293578,175.0,0.6868327402135231,0.7958656330749354,0.6628940406411838
13,vggish-lda,guitar,openmic,openmic,0.951048951048951,0.951048951048951,0.951048951048951,286.0,0.9357798165137616,0.9801165501165502,0.98981054898749
14,vggish-lda,organ,openmic,openmic,0.5354330708661418,0.5619834710743802,0.5483870967741936,121.0,0.740139211136891,0.7906691548920288,0.564816728007889
15,vggish-lda,piano,openmic,openmic,0.9355932203389832,0.968421052631579,0.9517241379310344,285.0,0.9325301204819276,0.9612145748987856,0.9786404054812904
16,vggish-lda,saxophone,openmic,openmic,0.7950310559006211,0.839344262295082,0.8165869218500796,305.0,0.8171701112877583,0.8977534911961143,0.8876226957317681
17,vggish-lda,trumpet,openmic,openmic,0.7155172413793104,0.7830188679245284,0.7477477477477479,318.0,0.7859872611464969,0.8582548853244987,0.7861253906710296
18,vggish-lda,violin,openmic,openmic,0.8821917808219178,0.817258883248731,0.8484848484848484,394.0,0.8177496038034865,0.912773886782754,0.935928733317766
19,vggish-lda,voice,openmic,openmic,0.9333333333333332,0.875,0.9032258064516128,224.0,0.8877005347593583,0.9599404761904762,0.9712230578661702
20,vggish-lda,cello,irmas,openmic,0.631578947368421,0.6371681415929203,0.6343612334801763,226.0,0.6577319587628866,0.7053336522363072,0.6131224358170934
21,vggish-lda,clarinet,irmas,openmic,0.3085106382978723,0.4233576642335766,0.3569230769230769,137.0,0.6734375,0.6597350205337319,0.3344513010224754
22,vggish-lda,flute,irmas,openmic,0.4368231046931408,0.6914285714285714,0.5353982300884956,175.0,0.6263345195729537,0.7183314876338132,0.5691656133186375
23,vggish-lda,guitar,irmas,openmic,0.9522058823529412,0.9055944055944056,0.92831541218638,286.0,0.908256880733945,0.9643589743589744,0.9789576667428006
24,vggish-lda,organ,irmas,openmic,0.3694581280788177,0.6198347107438017,0.4629629629629629,121.0,0.5962877030162413,0.6552119434817381,0.3773765410358233
25,vggish-lda,piano,irmas,openmic,0.9428571428571428,0.9263157894736842,0.9345132743362832,285.0,0.910843373493976,0.965991902834008,0.9845892511522054
26,vggish-lda,saxophone,irmas,openmic,0.7282229965156795,0.6852459016393443,0.7060810810810811,305.0,0.7233704292527822,0.7906193078324226,0.7467512055264619
27,vggish-lda,trumpet,irmas,openmic,0.6214285714285714,0.5471698113207547,0.5819397993311036,318.0,0.6815286624203821,0.7299907074461638,0.6290785366354082
28,vggish-lda,violin,irmas,openmic,0.8078947368421052,0.7791878172588832,0.7932816537467701,394.0,0.7464342313787639,0.7995138041080341,0.8554054913107558
29,vggish-lda,voice,irmas,openmic,0.9476439790575916,0.8080357142857143,0.872289156626506,224.0,0.8582887700534759,0.9560119047619048,0.964115268024202
30,vggish-lda,cello,openmic,irmas,0.1303571428571428,0.776595744680851,0.2232415902140672,94.0,0.695078031212485,0.8210167289264253,0.3622885181623607
31,vggish-lda,clarinet,openmic,irmas,0.1723577235772357,0.8346456692913385,0.2857142857142857,127.0,0.6818727490996399,0.8450829611210879,0.4166313997027449
32,vggish-lda,flute,openmic,irmas,0.1134903640256959,0.8760330578512396,0.2009478672985782,121.0,0.4939975990396158,0.7768862499665677,0.3316113984231727
33,vggish-lda,guitar,openmic,irmas,0.3591087811271297,0.791907514450867,0.4941388638412985,346.0,0.6632653061224489,0.7902675599929935,0.5709650574811028
34,vggish-lda,organ,openmic,irmas,0.2125,0.1954022988505747,0.2035928143712574,174.0,0.8403361344537815,0.6788966441712119,0.1892580304589164
35,vggish-lda,piano,openmic,irmas,0.2321724709784411,0.8235294117647058,0.3622250970245795,170.0,0.7040816326530612,0.836646744259201,0.4524198250249474
36,vggish-lda,saxophone,openmic,irmas,0.1878881987577639,0.8066666666666666,0.3047858942065491,150.0,0.6686674669867947,0.8175241864555848,0.372529129994758
37,vggish-lda,trumpet,openmic,irmas,0.20578231292517,0.8066666666666666,0.3279132791327913,150.0,0.7022809123649459,0.8453737906772207,0.4856802306476573
38,vggish-lda,violin,openmic,irmas,0.1754684838160136,0.7202797202797203,0.2821917808219178,143.0,0.6854741896758704,0.7778859354696518,0.3258837967560395
39,vggish-lda,voice,openmic,irmas,0.3839835728952772,0.9790575916230366,0.551622418879056,191.0,0.8175270108043218,0.9807862277043216,0.8822115090499628
40,openl3-lda,cello,irmas,irmas,0.5472972972972973,0.8617021276595744,0.6694214876033058,94.0,0.9519807923169268,0.9674692761626332,0.7783856232337802
41,openl3-lda,clarinet,irmas,irmas,0.4734299516908212,0.7716535433070866,0.5868263473053892,127.0,0.9171668667466988,0.919417967490906,0.7005982799149464
42,openl3-lda,flute,irmas,irmas,0.4063926940639269,0.7355371900826446,0.5235294117647058,121.0,0.9027611044417768,0.9142689026184172,0.5992504349335153
43,openl3-lda,guitar,irmas,irmas,0.7156398104265402,0.8728323699421965,0.7864583333333333,346.0,0.9015606242496998,0.9627846382904188,0.8707823646694267
44,openl3-lda,organ,irmas,irmas,0.7630331753554502,0.9252873563218392,0.8363636363636364,174.0,0.96218487394958,0.9894032541370066,0.9046550161647754
45,openl3-lda,piano,irmas,irmas,0.8152173913043478,0.8823529411764706,0.847457627118644,170.0,0.9675870348139256,0.9823686693928908,0.9329099315882824
46,openl3-lda,saxophone,irmas,irmas,0.2831168831168831,0.7266666666666667,0.4074766355140186,150.0,0.8097238895558223,0.8615567282321901,0.4808311640192974
47,openl3-lda,trumpet,irmas,irmas,0.5821596244131455,0.8266666666666667,0.6831955922865013,150.0,0.9309723889555822,0.9502330694810904,0.7852544734585785
48,openl3-lda,violin,irmas,irmas,0.3609271523178808,0.7622377622377622,0.4898876404494382,143.0,0.8637454981992797,0.8981674923894227,0.5367516906089802
49,openl3-lda,voice,irmas,irmas,0.8280542986425339,0.9581151832460733,0.8883495145631067,191.0,0.9723889555822328,0.9946153163546012,0.9667551793142672
50,openl3-lda,cello,openmic,openmic,0.7692307692307693,0.7964601769911505,0.782608695652174,226.0,0.7938144329896907,0.8926777599343971,0.8659767943958627
51,openl3-lda,clarinet,openmic,openmic,0.3735408560311284,0.7007299270072993,0.4873096446700507,137.0,0.684375,0.7644788205076113,0.4372817922129341
52,openl3-lda,flute,openmic,openmic,0.4962962962962963,0.7657142857142857,0.6022471910112359,175.0,0.6850533807829181,0.7807899593946106,0.630806272987556
53,openl3-lda,guitar,openmic,openmic,0.9820143884892086,0.9545454545454546,0.9680851063829786,286.0,0.9587155963302753,0.9891375291375292,0.994277328073802
54,openl3-lda,organ,openmic,openmic,0.5777777777777777,0.6446280991735537,0.609375,121.0,0.7679814385150812,0.8345507864569448,0.6057312828371356
55,openl3-lda,piano,openmic,openmic,0.9486301369863014,0.9719298245614036,0.9601386481802426,285.0,0.944578313253012,0.981727395411606,0.9907065672948334
56,openl3-lda,saxophone,openmic,openmic,0.7710843373493976,0.839344262295082,0.8037676609105181,305.0,0.8012718600953895,0.8958510422991297,0.8931299413506756
57,openl3-lda,trumpet,openmic,openmic,0.7111111111111111,0.8050314465408805,0.7551622418879057,318.0,0.7885350318471338,0.8665037102877998,0.8248908856515159
58,openl3-lda,violin,openmic,openmic,0.8813131313131313,0.8857868020304569,0.8835443037974683,394.0,0.8541996830427893,0.924393326051104,0.9433648214798686
59,openl3-lda,voice,openmic,openmic,0.943127962085308,0.8883928571428571,0.914942528735632,224.0,0.9010695187165776,0.9699107142857144,0.9802216893308238
60,openl3-lda,cello,irmas,openmic,0.628099173553719,0.336283185840708,0.4380403458213257,226.0,0.5979381443298969,0.6682270133597566,0.601901644805241
61,openl3-lda,clarinet,irmas,openmic,0.3404255319148936,0.1167883211678832,0.1739130434782608,137.0,0.7625,0.6592561419802354,0.2908692244902167
62,openl3-lda,flute,irmas,openmic,0.640625,0.2342857142857143,0.3430962343096234,175.0,0.7206405693950177,0.7279881875230712,0.5201912091110872
63,openl3-lda,guitar,irmas,openmic,0.9878542510121456,0.8531468531468531,0.9155722326454034,286.0,0.8967889908256881,0.9754545454545456,0.9882254629038952
64,openl3-lda,organ,irmas,openmic,0.3769633507853403,0.5950413223140496,0.4615384615384615,121.0,0.6102088167053364,0.6839509464142896,0.4753774566127921
65,openl3-lda,piano,irmas,openmic,0.9884169884169884,0.8982456140350877,0.9411764705882352,285.0,0.9228915662650602,0.9700404858299596,0.9862222588062222
66,openl3-lda,saxophone,irmas,openmic,0.717741935483871,0.5836065573770491,0.6437613019891502,305.0,0.6868044515103339,0.7793766444039669,0.7295395100652515
67,openl3-lda,trumpet,irmas,openmic,0.7297297297297297,0.0849056603773584,0.152112676056338,318.0,0.6165605095541401,0.6908879102527843,0.5952647980088814
68,openl3-lda,violin,irmas,openmic,0.8152173913043478,0.7614213197969543,0.7874015748031495,394.0,0.7432646592709984,0.8273469125489945,0.8774028389166018
69,openl3-lda,voice,irmas,openmic,0.9722222222222222,0.78125,0.8663366336633662,224.0,0.8556149732620321,0.9669345238095236,0.9773833698539196
70,openl3-lda,cello,openmic,irmas,0.164785553047404,0.776595744680851,0.2718808193668529,94.0,0.7653061224489796,0.8577973580206811,0.3484333012710205
71,openl3-lda,clarinet,openmic,irmas,0.1293375394321766,0.968503937007874,0.2282003710575139,127.0,0.5006002400960384,0.8547425723831305,0.2909199508673138
72,openl3-lda,flute,openmic,irmas,0.1682600382409178,0.7272727272727273,0.2732919254658385,121.0,0.7190876350540216,0.7892321270962048,0.2484962713850737
73,openl3-lda,guitar,openmic,irmas,0.375430539609644,0.9450867052023122,0.5373870172555464,346.0,0.6620648259303722,0.8828560168155544,0.6994089367492656
74,openl3-lda,organ,openmic,irmas,0.037037037037037,0.0172413793103448,0.0235294117647058,174.0,0.8505402160864346,0.4125219561800869,0.085011772675836
75,openl3-lda,piano,openmic,irmas,0.2607142857142857,0.8588235294117647,0.4,170.0,0.737094837935174,0.8999606794589494,0.7292881198120158
76,openl3-lda,saxophone,openmic,irmas,0.1664429530201342,0.8266666666666667,0.2770949720670391,150.0,0.6116446578631453,0.7795998240985048,0.2809975086944912
77,openl3-lda,trumpet,openmic,irmas,0.141012909632572,0.9466666666666668,0.2454624027657735,150.0,0.4759903961584634,0.8899824098504838,0.5678052678990019
78,openl3-lda,violin,openmic,irmas,0.2185567010309278,0.7412587412587412,0.3375796178343949,143.0,0.7503001200480192,0.8247799475639266,0.3641926635259528
79,openl3-lda,voice,openmic,irmas,0.3991507430997877,0.9842931937172776,0.56797583081571,191.0,0.8283313325330132,0.986185109592688,0.9408718736027624
0,vggish-lda-genre,cello,irmas,irmas,0.0,0.0,0.0,94.0,0.943577430972389,0.5,0.056422569027611
1,vggish-lda-genre,clarinet,irmas,irmas,0.0,0.0,0.0,127.0,0.9237695078031212,0.5,0.0762304921968787
2,vggish-lda-genre,flute,irmas,irmas,0.0,0.0,0.0,121.0,0.9273709483793516,0.5,0.0726290516206482
3,vggish-lda-genre,guitar,irmas,irmas,0.0,0.0,0.0,346.0,0.7923169267707083,0.5,0.2076830732292917
4,vggish-lda-genre,organ,irmas,irmas,0.0,0.0,0.0,174.0,0.8955582232893158,0.5,0.1044417767106842
5,vggish-lda-genre,piano,irmas,irmas,0.0,0.0,0.0,170.0,0.8979591836734694,0.5,0.1020408163265306
6,vggish-lda-genre,saxophone,irmas,irmas,0.0,0.0,0.0,150.0,0.9099639855942376,0.5,0.0900360144057623
7,vggish-lda-genre,trumpet,irmas,irmas,0.0,0.0,0.0,150.0,0.9099639855942376,0.5,0.0900360144057623
8,vggish-lda-genre,violin,irmas,irmas,0.0858343337334934,1.0,0.158098396904367,143.0,0.0858343337334934,0.5,0.0858343337334934
9,vggish-lda-genre,voice,irmas,irmas,0.0,0.0,0.0,191.0,0.8853541416566627,0.5,0.1146458583433373
10,vggish-lda-genre,cello,openmic,openmic,0.0,0.0,0.0,226.0,0.534020618556701,0.5,0.465979381443299
11,vggish-lda-genre,clarinet,openmic,openmic,0.0,0.0,0.0,137.0,0.7859375,0.5,0.2140625
12,vggish-lda-genre,flute,openmic,openmic,0.0,0.0,0.0,175.0,0.6886120996441281,0.5,0.3113879003558719
13,vggish-lda-genre,guitar,openmic,openmic,0.0,0.0,0.0,286.0,0.3440366972477064,0.5,0.6559633027522935
14,vggish-lda-genre,organ,openmic,openmic,0.0,0.0,0.0,121.0,0.7192575406032483,0.5,0.2807424593967517
15,vggish-lda-genre,piano,openmic,openmic,0.6867469879518072,1.0,0.8142857142857143,285.0,0.6867469879518072,0.5,0.6867469879518072
16,vggish-lda-genre,saxophone,openmic,openmic,0.0,0.0,0.0,305.0,0.5151033386327504,0.5,0.4848966613672496
17,vggish-lda-genre,trumpet,openmic,openmic,0.0,0.0,0.0,318.0,0.5949044585987261,0.5,0.4050955414012739
18,vggish-lda-genre,violin,openmic,openmic,0.0,0.0,0.0,394.0,0.375594294770206,0.5,0.624405705229794
19,vggish-lda-genre,voice,openmic,openmic,0.0,0.0,0.0,224.0,0.4010695187165775,0.5,0.5989304812834224
20,vggish-lda-genre,cello,irmas,openmic,0.0,0.0,0.0,226.0,0.534020618556701,0.5,0.465979381443299
21,vggish-lda-genre,clarinet,irmas,openmic,0.0,0.0,0.0,137.0,0.7859375,0.5,0.2140625
22,vggish-lda-genre,flute,irmas,openmic,0.0,0.0,0.0,175.0,0.6886120996441281,0.5,0.3113879003558719
23,vggish-lda-genre,guitar,irmas,openmic,0.0,0.0,0.0,286.0,0.3440366972477064,0.5,0.6559633027522935
24,vggish-lda-genre,organ,irmas,openmic,0.0,0.0,0.0,121.0,0.7192575406032483,0.5,0.2807424593967517
25,vggish-lda-genre,piano,irmas,openmic,0.0,0.0,0.0,285.0,0.3132530120481928,0.5,0.6867469879518072
26,vggish-lda-genre,saxophone,irmas,openmic,0.0,0.0,0.0,305.0,0.5151033386327504,0.5,0.4848966613672496
27,vggish-lda-genre,trumpet,irmas,openmic,0.0,0.0,0.0,318.0,0.5949044585987261,0.5,0.4050955414012739
28,vggish-lda-genre,violin,irmas,openmic,0.624405705229794,1.0,0.7687804878048781,394.0,0.624405705229794,0.5,0.624405705229794
29,vggish-lda-genre,voice,irmas,openmic,0.0,0.0,0.0,224.0,0.4010695187165775,0.5,0.5989304812834224
30,vggish-lda-genre,cello,openmic,irmas,0.0,0.0,0.0,94.0,0.943577430972389,0.5,0.056422569027611
31,vggish-lda-genre,clarinet,openmic,irmas,0.0,0.0,0.0,127.0,0.9237695078031212,0.5,0.0762304921968787
32,vggish-lda-genre,flute,openmic,irmas,0.0,0.0,0.0,121.0,0.9273709483793516,0.5,0.0726290516206482
33,vggish-lda-genre,guitar,openmic,irmas,0.0,0.0,0.0,346.0,0.7923169267707083,0.5,0.2076830732292917
34,vggish-lda-genre,organ,openmic,irmas,0.0,0.0,0.0,174.0,0.8955582232893158,0.5,0.1044417767106842
35,vggish-lda-genre,piano,openmic,irmas,0.1020408163265306,1.0,0.1851851851851852,170.0,0.1020408163265306,0.5,0.1020408163265306
36,vggish-lda-genre,saxophone,openmic,irmas,0.0,0.0,0.0,150.0,0.9099639855942376,0.5,0.0900360144057623
37,vggish-lda-genre,trumpet,openmic,irmas,0.0,0.0,0.0,150.0,0.9099639855942376,0.5,0.0900360144057623
38,vggish-lda-genre,violin,openmic,irmas,0.0,0.0,0.0,143.0,0.9141656662665066,0.5,0.0858343337334934
39,vggish-lda-genre,voice,openmic,irmas,0.0,0.0,0.0,191.0,0.8853541416566627,0.5,0.1146458583433373
40,openl3-lda-genre,cello,irmas,irmas,0.0,0.0,0.0,94.0,0.943577430972389,0.5,0.056422569027611
41,openl3-lda-genre,clarinet,irmas,irmas,0.0,0.0,0.0,127.0,0.9237695078031212,0.5,0.0762304921968787
42,openl3-lda-genre,flute,irmas,irmas,0.0726290516206482,1.0,0.1354224958030218,121.0,0.0726290516206482,0.5,0.0726290516206482
43,openl3-lda-genre,guitar,irmas,irmas,0.0,0.0,0.0,346.0,0.7923169267707083,0.5,0.2076830732292917
44,openl3-lda-genre,organ,irmas,irmas,0.0,0.0,0.0,174.0,0.8955582232893158,0.5,0.1044417767106842
45,openl3-lda-genre,piano,irmas,irmas,0.0,0.0,0.0,170.0,0.8979591836734694,0.5,0.1020408163265306
46,openl3-lda-genre,saxophone,irmas,irmas,0.0,0.0,0.0,150.0,0.9099639855942376,0.5,0.0900360144057623
47,openl3-lda-genre,trumpet,irmas,irmas,0.0,0.0,0.0,150.0,0.9099639855942376,0.5,0.0900360144057623
48,openl3-lda-genre,violin,irmas,irmas,0.0,0.0,0.0,143.0,0.9141656662665066,0.5,0.0858343337334934
49,openl3-lda-genre,voice,irmas,irmas,0.0,0.0,0.0,191.0,0.8853541416566627,0.5,0.1146458583433373
50,openl3-lda-genre,cello,openmic,openmic,0.0,0.0,0.0,226.0,0.534020618556701,0.5,0.465979381443299
51,openl3-lda-genre,clarinet,openmic,openmic,0.0,0.0,0.0,137.0,0.7859375,0.5,0.2140625
52,openl3-lda-genre,flute,openmic,openmic,0.0,0.0,0.0,175.0,0.6886120996441281,0.5,0.3113879003558719
53,openl3-lda-genre,guitar,openmic,openmic,0.0,0.0,0.0,286.0,0.3440366972477064,0.5,0.6559633027522935
54,openl3-lda-genre,organ,openmic,openmic,0.0,0.0,0.0,121.0,0.7192575406032483,0.5,0.2807424593967517
55,openl3-lda-genre,piano,openmic,openmic,0.0,0.0,0.0,285.0,0.3132530120481928,0.5,0.6867469879518072
56,openl3-lda-genre,saxophone,openmic,openmic,0.0,0.0,0.0,305.0,0.5151033386327504,0.5,0.4848966613672496
57,openl3-lda-genre,trumpet,openmic,openmic,0.0,0.0,0.0,318.0,0.5949044585987261,0.5,0.4050955414012739
58,openl3-lda-genre,violin,openmic,openmic,0.0,0.0,0.0,394.0,0.375594294770206,0.5,0.624405705229794
59,openl3-lda-genre,voice,openmic,openmic,0.0,0.0,0.0,224.0,0.4010695187165775,0.5,0.5989304812834224
60,openl3-lda-genre,cello,irmas,openmic,0.0,0.0,0.0,226.0,0.534020618556701,0.5,0.465979381443299
61,openl3-lda-genre,clarinet,irmas,openmic,0.0,0.0,0.0,137.0,0.7859375,0.5,0.2140625
62,openl3-lda-genre,flute,irmas,openmic,0.3113879003558719,1.0,0.4748982360922659,175.0,0.3113879003558719,0.5,0.3113879003558719
63,openl3-lda-genre,guitar,irmas,openmic,0.0,0.0,0.0,286.0,0.3440366972477064,0.5,0.6559633027522935
64,openl3-lda-genre,organ,irmas,openmic,0.0,0.0,0.0,121.0,0.7192575406032483,0.5,0.2807424593967517
65,openl3-lda-genre,piano,irmas,openmic,0.0,0.0,0.0,285.0,0.3132530120481928,0.5,0.6867469879518072
66,openl3-lda-genre,saxophone,irmas,openmic,0.0,0.0,0.0,305.0,0.5151033386327504,0.5,0.4848966613672496
67,openl3-lda-genre,trumpet,irmas,openmic,0.0,0.0,0.0,318.0,0.5949044585987261,0.5,0.4050955414012739
68,openl3-lda-genre,violin,irmas,openmic,0.0,0.0,0.0,394.0,0.375594294770206,0.5,0.624405705229794
69,openl3-lda-genre,voice,irmas,openmic,0.0,0.0,0.0,224.0,0.4010695187165775,0.5,0.5989304812834224
70,openl3-lda-genre,cello,openmic,irmas,0.0,0.0,0.0,94.0,0.943577430972389,0.5,0.056422569027611
71,openl3-lda-genre,clarinet,openmic,irmas,0.0,0.0,0.0,127.0,0.9237695078031212,0.5,0.0762304921968787
72,openl3-lda-genre,flute,openmic,irmas,0.0,0.0,0.0,121.0,0.9273709483793516,0.5,0.0726290516206482
73,openl3-lda-genre,guitar,openmic,irmas,0.0,0.0,0.0,346.0,0.7923169267707083,0.5,0.2076830732292917
74,openl3-lda-genre,organ,openmic,irmas,0.0,0.0,0.0,174.0,0.8955582232893158,0.5,0.1044417767106842
75,openl3-lda-genre,piano,openmic,irmas,0.0,0.0,0.0,170.0,0.8979591836734694,0.5,0.1020408163265306
76,openl3-lda-genre,saxophone,openmic,irmas,0.0,0.0,0.0,150.0,0.9099639855942376,0.5,0.0900360144057623
77,openl3-lda-genre,trumpet,openmic,irmas,0.0,0.0,0.0,150.0,0.9099639855942376,0.5,0.0900360144057623
78,openl3-lda-genre,violin,openmic,irmas,0.0,0.0,0.0,143.0,0.9141656662665066,0.5,0.0858343337334934
79,openl3-lda-genre,voice,openmic,irmas,0.0,0.0,0.0,191.0,0.8853541416566627,0.5,0.1146458583433373
